scientific_name,japanese_name,taxonomic_group,name_source
Salamandrella keyserlingii,キタサンショウウオ,サンショウウオ,日本爬虫両棲類学会
Hynobius katoi,アカイシサンショウウオ,サンショウウオ,日本爬虫両棲類学会
Hynobius akiensis,アキサンショウウオ,サンショウウオ,日本爬虫両棲類学会
Hynobius abuensis,アブサンショウウオ,サンショウウオ,日本爬虫両棲類学会
Hynobius abei,アベサンショウウオ,サンショウウオ,日本爬虫両棲類学会
Hynobius amakusaensis,アマクササンショウウオ,サンショウウオ,日本爬虫両棲類学会
Hynobius hirosei,イシヅチサンショウウオ,サンショウウオ,日本爬虫両棲類学会
Hynobius kunibiki,イズモサンショウウオ,サンショウウオ,日本爬虫両棲類学会
Hynobius kuishiensis,イヨシマサンショウウオ,サンショウウオ,日本爬虫両棲類学会
Hynobius sengokui,イワキサンショウウオ,サンショウウオ,日本爬虫両棲類学会
Hynobius iwami,イワミサンショウウオ,サンショウウオ,日本爬虫両棲類学会
Hynobius retardatus,エゾサンショウウオ,サンショウウオ,日本爬虫両棲類学会
Hynobius dunni,オオイタサンショウウオ,サンショウウオ,日本爬虫両棲類学会
Hynobius osumiensis,オオスミサンショウウオ,サンショウウオ,日本爬虫両棲類学会
Hynobius boulengeri,オオダイガハラサンショウウオ,サンショウウオ,日本爬虫両棲類学会
Hynobius okiensis,オキサンショウウオ,サンショウウオ,日本爬虫両棲類学会
Hynobius owariensis,オワリサンショウウオ,サンショウウオ,日本爬虫両棲類学会
Hynobius nebulosus,カスミサンショウウオ,サンショウウオ,日本爬虫両棲類学会
Hynobius nigrescens,クロサンショウウオ,サンショウウオ,日本爬虫両棲類学会
Hynobius geiyoensis,ゲイヨサンショウウオ,サンショウウオ,日本爬虫両棲類学会
Hynobius stejnegeri,コガタブチサンショウウオ,サンショウウオ,日本爬虫両棲類学会
Hynobius setoi,サンインサンショウウオ,サンショウウオ,日本爬虫両棲類学会
Hynobius setouchi,セトウチサンショウウオ,サンショウウオ,日本爬虫両棲類学会
Hynobius shinichisatoi,ソボサンショウウオ,サンショウウオ,日本爬虫両棲類学会
Hynobius tagoi,タゴサンショウウオ,サンショウウオ,日本爬虫両棲類学会
Hynobius oyamai,チクシブチサンショウウオ,サンショウウオ,日本爬虫両棲類学会
Hynobius sematonotos,チュウゴクブチサンショウウオ,サンショウウオ,日本爬虫両棲類学会
Hynobius tsuensis,ツシマサンショウウオ,サンショウウオ,日本爬虫両棲類学会
Hynobius tsurugiensis,ツルギサンショウウオ,サンショウウオ,日本爬虫両棲類学会
Hynobius tokyoensis,トウキョウサンショウウオ,サンショウウオ,日本爬虫両棲類学会
Hynobius lichenatus,トウホクサンショウウオ,サンショウウオ,日本爬虫両棲類学会
Hynobius tosashimizuensis,トサシミズサンショウウオ,サンショウウオ,日本爬虫両棲類学会
Hynobius oni,ナンヨサンショウウオ,サンショウウオ,日本爬虫両棲類学会
Hynobius hidamontanus,ハクバサンショウウオ,サンショウウオ,日本爬虫両棲類学会
Hynobius fossigenus,ヒガシヒダサンショウウオ,サンショウウオ,日本爬虫両棲類学会
Hynobius kimurae,ヒダサンショウウオ,サンショウウオ,日本爬虫両棲類学会
Hynobius utsunomiyaorum,ヒバサンショウウオ,サンショウウオ,日本爬虫両棲類学会
Hynobius sumidai,ヒロシマサンショウウオ,サンショウウオ,日本爬虫両棲類学会
Hynobius naevius,ブチサンショウウオ,サンショウウオ,日本爬虫両棲類学会
Hynobius ikioi,ベッコウサンショウウオ,サンショウウオ,日本爬虫両棲類学会
Hynobius takedai,ホクリクサンショウウオ,サンショウウオ,日本爬虫両棲類学会
Hynobius guttatus,マホロバサンショウウオ,サンショウウオ,日本爬虫両棲類学会
Hynobius mikawaensis,ミカワサンショウウオ,サンショウウオ,日本爬虫両棲類学会
Hynobius bakan,ヤマグチサンショウウオ,サンショウウオ,日本爬虫両棲類学会
Hynobius vandenburghi,ヤマトサンショウウオ,サンショウウオ,日本爬虫両棲類学会
Onychodactylus nipponoborealis,キタオウシュウサンショウウオ,サンショウウオ,日本爬虫両棲類学会
Onychodactylus kinneburi,シコクハコネサンショウウオ,サンショウウオ,日本爬虫両棲類学会
Onychodactylus fuscus,タダミハコネサンショウウオ,サンショウウオ,日本爬虫両棲類学会
Onychodactylus tsukubaensis,ツクバハコネサンショウウオ,サンショウウオ,日本爬虫両棲類学会
Onychodactylus japonicus,ハコネサンショウウオ,サンショウウオ,日本爬虫両棲類学会
Onychodactylus intermedius,バンダイハコネサンショウウオ,サンショウウオ,日本爬虫両棲類学会
Onychodactylus pyrrhonotus,ホムラハコネサンショウウオ,サンショウウオ,日本爬虫両棲類学会
Andrias japonicus,オオサンショウウオ,サンショウウオ,日本爬虫両棲類学会
Andrias davidianus,チュウゴクオオサンショウウオ,サンショウウオ,日本爬虫両棲類学会
Echinotriton raffaellii,アマミイボイモリ,イモリ,日本爬虫両棲類学会
Echinotriton andersoni,オキナワイボイモリ,イモリ,日本爬虫両棲類学会
Cynops pyrrhogaster,アカハライモリ,イモリ,日本爬虫両棲類学会
Cynops ensicauda,シリケンイモリ,イモリ,日本爬虫両棲類学会
Xenopus laevis,アフリカツメガエル,カエル,日本爬虫両棲類学会
Rhinella marina,オオヒキガエル,カエル,日本爬虫両棲類学会
Bufo gargarizans,アジアヒキガエル,カエル,日本爬虫両棲類学会
Bufo formosus,アズマヒキガエル,カエル,日本爬虫両棲類学会
Bufo torrenticola,ナガレヒキガエル,カエル,日本爬虫両棲類学会
Bufo japonicus,ニホンヒキガエル,カエル,日本爬虫両棲類学会
Dryophytes japonicus,ニホンアマガエル,カエル,日本爬虫両棲類学会
Dryophytes leopardus,ヒガシニホンアマガエル,カエル,日本爬虫両棲類学会
Hyla hallowellii,ハロウエルアマガエル,カエル,日本爬虫両棲類学会
Rana kobai,アマミアカガエル,カエル,日本爬虫両棲類学会
Rana pirica,エゾアカガエル,カエル,日本爬虫両棲類学会
Rana okiensis,オキタゴガエル,カエル,日本爬虫両棲類学会
Rana matsuoi,ゴトウタゴガエル,カエル,日本爬虫両棲類学会
Rana tagoi,タゴガエル,カエル,日本爬虫両棲類学会
Rana uenoi,チョウセンヤマアカガエル,カエル,日本爬虫両棲類学会
Rana tsushimensis,ツシマアカガエル,カエル,日本爬虫両棲類学会
Rana sakuraii,ナガレタゴガエル,カエル,日本爬虫両棲類学会
Rana japonica,ニホンアカガエル,カエル,日本爬虫両棲類学会
Rana neba,ネバタゴガエル,カエル,日本爬虫両棲類学会
Rana kyoto,ヒメタゴガエル,カエル,日本爬虫両棲類学会
Rana yakushimensis,ヤクシマタゴガエル,カエル,日本爬虫両棲類学会
Rana ornativentris,ヤマアカガエル,カエル,日本爬虫両棲類学会
Rana ulma,リュウキュウアカガエル,カエル,日本爬虫両棲類学会
Lithobates catesbeianus,ウシガエル,カエル,日本爬虫両棲類学会
Glandirana rugosa,ツチガエル,カエル,日本爬虫両棲類学会
Glandirana susurra,サドガエル,カエル,日本爬虫両棲類学会
Glandirana reliquia,ムカシツチガエル,カエル,日本爬虫両棲類学会
Pelophylax porosus,ダルマガエル,カエル,日本爬虫両棲類学会
Pelophylax nigromaculatus,トノサマガエル,カエル,日本爬虫両棲類学会
Odorrana splendida,アマミイシカワガエル,カエル,日本爬虫両棲類学会
Odorrana amamiensis,アマミハナサキガエル,カエル,日本爬虫両棲類学会
Odorrana supranarina,オオハナサキガエル,カエル,日本爬虫両棲類学会
Odorrana ishikawae,オキナワイシカワガエル,カエル,日本爬虫両棲類学会
Odorrana utsunomiyaorum,コガタハナサキガエル,カエル,日本爬虫両棲類学会
Odorrana narina,ハナサキガエル,カエル,日本爬虫両棲類学会
Babina subaspera,オットンガエル,カエル,日本爬虫両棲類学会
Babina holsti,ホルストガエル,カエル,日本爬虫両棲類学会
Nidirana okinavana,ヤエヤマハラブチガエル,カエル,日本爬虫両棲類学会
Limnonectes namiyei,ナミエガエル,カエル,日本爬虫両棲類学会
Fejervarya sakishimensis,サキシマヌマガエル,カエル,日本爬虫両棲類学会
Fejervarya kawamurai,ヌマガエル,カエル,日本爬虫両棲類学会
Kurixalus eiffingeri,アイフィンガーガエル,カエル,日本爬虫両棲類学会
Zhangixalus amamiensis,アマミアオガエル,カエル,日本爬虫両棲類学会
Zhangixalus viridis,オキナワアオガエル,カエル,日本爬虫両棲類学会
Zhangixalus schlegelii,シュレーゲルアオガエル,カエル,日本爬虫両棲類学会
Zhangixalus arboreus,モリアオガエル,カエル,日本爬虫両棲類学会
Zhangixalus owstoni,ヤエヤマアオガエル,カエル,日本爬虫両棲類学会
Buergeria buergeri,カジカガエル,カエル,日本爬虫両棲類学会
Buergeria choui,ヤエヤマカジカガエル,カエル,日本爬虫両棲類学会
Buergeria japonica,リュウキュウカジカガエル,カエル,日本爬虫両棲類学会
Polypedates leucomystax,シロアゴガエル,カエル,日本爬虫両棲類学会
Microhyla okinavensis,ヒメアマガエル,カエル,日本爬虫両棲類学会
Microhyla kuramotoi,ヤエヤマヒメアマガエル,カエル,日本爬虫両棲類学会
Chelonia mydas,アオウミガメ,カメ,日本爬虫両棲類学会
Chelonia agassizii,クロウミガメ,カメ,日本爬虫両棲類学会
Caretta caretta,アカウミガメ,カメ,日本爬虫両棲類学会
Eretmochelys imbricata,タイマイ,カメ,日本爬虫両棲類学会
Lepidochelys olivacea,ヒメウミガメ,カメ,日本爬虫両棲類学会
Dermochelys coriacea,オサガメ,カメ,日本爬虫両棲類学会
Mauremys reevesii,クサガメ,カメ,日本爬虫両棲類学会
Mauremys japonica,ニホンイシガメ,カメ,日本爬虫両棲類学会
Mauremys mutica,ミナミイシガメ,カメ,日本爬虫両棲類学会
Cuora flavomarginata,セマルハコガメ,カメ,日本爬虫両棲類学会
Geoemyda japonica,リュウキュウヤマガメ,カメ,日本爬虫両棲類学会
Trachemys scripta,アカミミガメ,カメ,日本爬虫両棲類学会
Chelydra serpentina,カミツキガメ,カメ,日本爬虫両棲類学会
Pelodiscus sinensis,チュウゴクスッポン,カメ,日本爬虫両棲類学会
Pelodiscus japonicus,ニホンスッポン,カメ,日本爬虫両棲類学会
Goniurosaurus toyamai,イヘヤトカゲモドキ,トカゲモドキ,日本爬虫両棲類学会
Goniurosaurus splendens,オビトカゲモドキ,トカゲモドキ,日本爬虫両棲類学会
Goniurosaurus yamashinae,クメトカゲモドキ,トカゲモドキ,日本爬虫両棲類学会
Goniurosaurus kuroiwae,クロイワトカゲモドキ,トカゲモドキ,日本爬虫両棲類学会
Goniurosaurus sengokui,ケラマトカゲモドキ,トカゲモドキ,日本爬虫両棲類学会
Goniurosaurus orientalis,マダラトカゲモドキ,トカゲモドキ,日本爬虫両棲類学会
Goniurosaurus nebulozonatus,ヤンバルトカゲモドキ,トカゲモドキ,日本爬虫両棲類学会
Lepidodactylus lugubris,オガサワラヤモリ,ヤモリ,日本爬虫両棲類学会
Hemiphyllodactylus typus,キノボリヤモリ,ヤモリ,日本爬虫両棲類学会
Perochirus ateles,ミナミトリシマヤモリ,ヤモリ,日本爬虫両棲類学会
Hemidactylus bowringii,タシロヤモリ,ヤモリ,日本爬虫両棲類学会
Hemidactylus frenatus,ホオグロヤモリ,ヤモリ,日本爬虫両棲類学会
Gehyra mutilata,オンナダケヤモリ,ヤモリ,日本爬虫両棲類学会
Gekko vertebralis,アマミヤモリ,ヤモリ,日本爬虫両棲類学会
Gekko shibatai,タカラヤモリ,ヤモリ,日本爬虫両棲類学会
Gekko tawaensis,タワヤモリ,ヤモリ,日本爬虫両棲類学会
Gekko asahi,ニシヤモリ,ヤモリ,日本爬虫両棲類学会
Gekko japonicus,ニホンヤモリ,ヤモリ,日本爬虫両棲類学会
Gekko hokouensis,ミナミヤモリ,ヤモリ,日本爬虫両棲類学会
Gekko yakuensis,ヤクヤモリ,ヤモリ,日本爬虫両棲類学会
Diploderma polygonatum,キノボリトカゲ,トカゲ,日本爬虫両棲類学会
Diploderma swinhonis,スウィンホーキノボリトカゲ,トカゲ,日本爬虫両棲類学会
Anolis carolinensis,グリーンアノール,トカゲ,日本爬虫両棲類学会
Iguana iguana,グリーンイグアナ,トカゲ,日本爬虫両棲類学会
Cryptoblepharus nigropunctatus,オガサワラトカゲ,トカゲ,日本爬虫両棲類学会
Scincella boettgeri,サキシマスベトカゲ,トカゲ,日本爬虫両棲類学会
Scincella vandenburghi,ツシマスベトカゲ,トカゲ,日本爬虫両棲類学会
Scincella dunan,ヨナグニスベトカゲ,トカゲ,日本爬虫両棲類学会
Plestiodon barbouri,アマミバーバートカゲ,トカゲ,日本爬虫両棲類学会
Plestiodon stimpsonii,イシガキトカゲ,トカゲ,日本爬虫両棲類学会
Plestiodon iheyaesilvae,イヘヤバーバートカゲ,トカゲ,日本爬虫両棲類学会
Plestiodon oshimensis,オオシマトカゲ,トカゲ,日本爬虫両棲類学会
Plestiodon latiscutatus,オカダトカゲ,トカゲ,日本爬虫両棲類学会
Plestiodon marginatus,オキナワトカゲ,トカゲ,日本爬虫両棲類学会
Plestiodon toyamai,オキナワバーバートカゲ,トカゲ,日本爬虫両棲類学会
Plestiodon kishinouyei,キシノウエトカゲ,トカゲ,日本爬虫両棲類学会
Plestiodon kuchinoshimensis,クチノシマトカゲ,トカゲ,日本爬虫両棲類学会
Plestiodon kumesilvae,クメバーバートカゲ,トカゲ,日本爬虫両棲類学会
Plestiodon takarai,センカクトカゲ,トカゲ,日本爬虫両棲類学会
Plestiodon japonicus,ニホントカゲ,トカゲ,日本爬虫両棲類学会
Plestiodon finitimus,ヒガシニホントカゲ,トカゲ,日本爬虫両棲類学会
Ateuchosaurus pellopleurus,アマミヒメトカゲ,トカゲ,日本爬虫両棲類学会
Ateuchosaurus okinavensis,オキナワヒメトカゲ,トカゲ,日本爬虫両棲類学会
Emoia atrocostata,ミヤコトカゲ,トカゲ,日本爬虫両棲類学会
Takydromus smaragdinus,アオカナヘビ,トカゲ,日本爬虫両棲類学会
Takydromus amurensis,アムールカナヘビ,トカゲ,日本爬虫両棲類学会
Takydromus dorsalis,サキシマカナヘビ,トカゲ,日本爬虫両棲類学会
Takydromus tachydromoides,ニホンカナヘビ,トカゲ,日本爬虫両棲類学会
Takydromus toyamai,ミヤコカナヘビ,トカゲ,日本爬虫両棲類学会
Zootoca vivipara,コモチカナヘビ,トカゲ,日本爬虫両棲類学会
Indotyphlops braminus,ブラーミニメクラヘビ,ヘビ,日本爬虫両棲類学会
Pareas iwasakii,イワサキセダカヘビ,ヘビ,日本爬虫両棲類学会
Achalinus werneri,アマミタカチホヘビ,ヘビ,日本爬虫両棲類学会
Achalinus formosanus,タイワンタカチホヘビ,ヘビ,日本爬虫両棲類学会
Achalinus spinalis,タカチホヘビ,ヘビ,日本爬虫両棲類学会
Cyclophiops herminae,サキシマアオヘビ,ヘビ,日本爬虫両棲類学会
Cyclophiops semicarinatus,リュウキュウアオヘビ,ヘビ,日本爬虫両棲類学会
Lycodon semicarinatus,アカマタ,ヘビ,日本爬虫両棲類学会
Lycodon rufozonatus,アカマダラ,ヘビ,日本爬虫両棲類学会
Lycodon multifasciatus,サキシマバイカダ,ヘビ,日本爬虫両棲類学会
Lycodon orientalis,シロマダラ,ヘビ,日本爬虫両棲類学会
Euprepiophis conspicillatus,ジムグリ,ヘビ,日本爬虫両棲類学会
Elaphe climacophora,アオダイショウ,ヘビ,日本爬虫両棲類学会
Elaphe quadrivirgata,シマヘビ,ヘビ,日本爬虫両棲類学会
Elaphe taeniura,スジオナメラ,ヘビ,日本爬虫両棲類学会
Elaphe carinata,シュウダ,ヘビ,日本爬虫両棲類学会
Calamaria pavimentata,ナガヒメヘビ,ヘビ,日本爬虫両棲類学会
Calamaria pfefferi,ミヤコヒメヘビ,ヘビ,日本爬虫両棲類学会
Opisthotropis kikuzatoi,キクザトサワヘビ,ヘビ,日本爬虫両棲類学会
Hebius pryeri,ガラスヒバァ,ヘビ,日本爬虫両棲類学会
Hebius vibakari,ヒバカリ,ヘビ,日本爬虫両棲類学会
Hebius concelarus,ミヤコヒバァ,ヘビ,日本爬虫両棲類学会
Hebius ishigakiensis,ヤエヤマヒバァ,ヘビ,日本爬虫両棲類学会
Rhabdophis tigrinus,ヤマカガシ,ヘビ,日本爬虫両棲類学会
Sinomicrurus iwasakii,イワサキワモンベニヘビ,ヘビ,日本爬虫両棲類学会
Sinomicrurus boettgeri,ハイ,ヘビ,日本爬虫両棲類学会
Sinomicrurus japonicus,ヒャン,ヘビ,日本爬虫両棲類学会
Hydrophis melanocephalus,クロガシラウミヘビ,ヘビ,日本爬虫両棲類学会
Hydrophis ornatus,クロボシウミヘビ,ヘビ,日本爬虫両棲類学会
Hydrophis platurus,セグロウミヘビ,ヘビ,日本爬虫両棲類学会
Hydrophis cyanocinctus,マダラウミヘビ,ヘビ,日本爬虫両棲類学会
Hydrophis stokesii,ヨウリンウミヘビ,ヘビ,日本爬虫両棲類学会
Laticauda colubrina,アオマダラウミヘビ,ヘビ,日本爬虫両棲類学会
Laticauda semifasciata,エラブウミヘビ,ヘビ,日本爬虫両棲類学会
Laticauda laticaudata,ヒロオウミヘビ,ヘビ,日本爬虫両棲類学会
Emydocephalus ijimae,イイジマウミヘビ,ヘビ,日本爬虫両棲類学会
Protobothrops elegans,サキシマハブ,ヘビ,日本爬虫両棲類学会
Protobothrops mucrosquamatus,タイワンハブ,ヘビ,日本爬虫両棲類学会
Protobothrops tokarensis,トカラハブ,ヘビ,日本爬虫両棲類学会
Protobothrops flavoviridis,ハブ,ヘビ,日本爬虫両棲類学会
Gloydius tsushimaensis,ツシママムシ,ヘビ,日本爬虫両棲類学会
Gloydius blomhoffii,ニホンマムシ,ヘビ,日本爬虫両棲類学会
Ovophis okinavensis,ヒメハブ,ヘビ,日本爬虫両棲類学会